x1,y1, z1, x2,y2,z2
-101.153, -93.4261, 33.1121, -176.056, 54.1171, 55.2473
-103.377, -93.4418, 33.3278, -175.901, 53.4285, 54.8081
-105.592, -93.4498, 33.5491, -175.729, 52.7348, 54.3732
-107.798, -93.4499, 33.7759, -175.54, 52.0361, 53.9427
-109.996, -93.442, 34.0083, -175.335, 51.3325, 53.5166
-112.184, -93.4263, 34.2463, -175.113, 50.6239, 53.0948
-114.362, -93.4025, 34.49, -174.874, 49.9105, 52.6776
-116.53, -93.3705, 34.7394, -174.619, 49.1924, 52.2649
-118.688, -93.3304, 34.9945, -174.347, 48.4697, 51.8566
-120.836, -93.2821, 35.2553, -174.059, 47.7423, 51.4529
-122.973, -93.2254, 35.522, -173.754, 47.0105, 51.0538
-125.098, -93.1604, 35.7944, -173.433, 46.2742, 50.6594
-127.213, -93.0869, 36.0726, -173.096, 45.5336, 50.2695
-129.316, -93.0048, 36.3567, -172.742, 44.7887, 49.8843
-131.407, -92.9142, 36.6467, -172.373, 44.0396, 49.5038
-133.485, -92.815, 36.9425, -171.987, 43.2864, 49.1281
-135.551, -92.7071, 37.2443, -171.585, 42.5291, 48.757
-137.605, -92.5903, 37.552, -171.167, 41.768, 48.3907
-139.645, -92.4648, 37.8656, -170.733, 41.0029, 48.0293
-141.672, -92.3304, 38.1853, -170.284, 40.234, 47.6726
-143.685, -92.187, 38.5109, -169.819, 39.4615, 47.3207
-145.684, -92.0346, 38.8425, -169.338, 38.6853, 46.9737
-147.668, -91.8732, 39.1801, -168.841, 37.9055, 46.6315
-149.638, -91.7027, 39.5238, -168.33, 37.1223, 46.2943
-151.593, -91.523, 39.8735, -167.802, 36.3357, 45.9619
-153.533, -91.3341, 40.2293, -167.26, 35.5458, 45.6344
-155.458, -91.1359, 40.5911, -166.703, 34.7527, 45.3119
-157.366, -90.9285, 40.959, -166.13, 33.9565, 44.9943
-159.258, -90.7117, 41.3329, -165.542, 33.1572, 44.6816
-161.134, -90.4855, 41.7129, -164.94, 32.3549, 44.3739
-162.993, -90.2498, 42.099, -164.323, 31.5497, 44.0712
-164.835, -90.0047, 42.4912, -163.691, 30.7417, 43.7735
-166.659, -89.7501, 42.8895, -163.045, 29.931, 43.4807
-168.466, -89.4859, 43.2938, -162.384, 29.1177, 43.193
-170.254, -89.2121, 43.7042, -161.709, 28.3018, 42.9102
-172.025, -88.9287, 44.1207, -161.02, 27.4834, 42.6325
-173.776, -88.6357, 44.5433, -160.317, 26.6625, 42.3598
-175.509, -88.3329, 44.9719, -159.599, 25.8394, 42.092
-177.222, -88.0205, 45.4065, -158.868, 25.0141, 41.8293
-178.916, -87.6984, 45.8472, -158.124, 24.1865, 41.5717
-180.59, -87.3665, 46.2939, -157.365, 23.3569, 41.319
-182.243, -87.0248, 46.7466, -156.593, 22.5253, 41.0714
-183.877, -86.6734, 47.2053, -155.808, 21.6918, 40.8288
-185.489, -86.3121, 47.67, -155.01, 20.8564, 40.5912
-187.08, -85.9411, 48.1406, -154.198, 20.0193, 40.3586
-188.65, -85.5602, 48.6171, -153.374, 19.1805, 40.1311
-190.198, -85.1694, 49.0996, -152.537, 18.3401, 39.9085
-191.725, -84.7689, 49.5879, -151.687, 17.4982, 39.691
-193.229, -84.3585, 50.0821, -150.824, 16.6548, 39.4784
-194.71, -83.9382, 50.5821, -149.949, 15.81, 39.2709
-196.169, -83.5082, 51.0879, -149.062, 14.964, 39.0683
-197.604, -83.0682, 51.5994, -148.163, 14.1167, 38.8707
-199.016, -82.6185, 52.1167, -147.251, 13.2683, 38.678
-200.405, -82.1589, 52.6397, -146.328, 12.4188, 38.4903
-201.769, -81.6895, 53.1684, -145.393, 11.5683, 38.3075
-203.11, -81.2104, 53.7026, -144.446, 10.7169, 38.1297
-204.426, -80.7214, 54.2424, -143.488, 9.86462, 37.9568
-205.717, -80.2227, 54.7878, -142.519, 9.01158, 37.7888
-206.983, -79.7142, 55.3386, -141.538, 8.15783, 37.6256
-208.224, -79.1961, 55.8949, -140.546, 7.30344, 37.4674
-209.44, -78.6682, 56.4566, -139.543, 6.44848, 37.314
-210.629, -78.1307, 57.0236, -138.53, 5.59302, 37.1654
-211.793, -77.5835, 57.5959, -137.506, 4.73714, 37.0217
-212.931, -77.0268, 58.1735, -136.471, 3.88089, 36.8828
-214.042, -76.4605, 58.7563, -135.426, 3.02435, 36.7486
-215.127, -75.8847, 59.3441, -134.371, 2.16759, 36.6192
-216.185, -75.2995, 59.9371, -133.306, 1.31066, 36.4946
-217.215, -74.7048, 60.5351, -132.231, 0.453628, 36.3747
-218.219, -74.1007, 61.138, -131.146, -0.403433, 36.2595
-219.195, -73.4873, 61.7458, -130.052, -1.26047, 36.149
-220.143, -72.8646, 62.3585, -128.948, -2.1174, 36.0432
-221.064, -72.2327, 62.9759, -127.834, -2.97419, 35.942
-221.956, -71.5917, 63.598, -126.712, -3.83076, 35.8454
-222.82, -70.9415, 64.2247, -125.58, -4.68706, 35.7534
-223.656, -70.2823, 64.856, -124.439, -5.54303, 35.6659
-224.463, -69.6142, 65.4918, -123.29, -6.3986, 35.5831
-225.242, -68.9371, 66.132, -122.132, -7.25372, 35.5047
-225.991, -68.2511, 66.7765, -120.965, -8.10834, 35.4308
-226.712, -67.5565, 67.4253, -119.79, -8.9624, 35.3614
-227.403, -66.8531, 68.0783, -118.607, -9.81584, 35.2965
-228.066, -66.1411, 68.7354, -117.416, -10.6686, 35.2359
-228.698, -65.4206, 69.3966, -116.217, -11.5207, 35.1798
-229.302, -64.6916, 70.0617, -115.01, -12.3719, 35.128
-229.875, -63.9543, 70.7306, -113.795, -13.2224, 35.0805
-230.419, -63.2086, 71.4034, -112.573, -14.072, 35.0373
-230.933, -62.4548, 72.0798, -111.343, -14.9206, 34.9985
-231.417, -61.6929, 72.7599, -110.106, -15.7683, 34.9638
-231.871, -60.923, 73.4436, -108.862, -16.6149, 34.9334
-232.294, -60.1451, 74.1306, -107.611, -17.4605, 34.9072
-232.688, -59.3594, 74.8211, -106.353, -18.305, 34.8851
-233.051, -58.5661, 75.5148, -105.088, -19.1483, 34.8672
-233.384, -57.765, 76.2117, -103.817, -19.9903, 34.8533
-233.687, -56.9565, 76.9117, -102.539, -20.8312, 34.8436
-233.959, -56.1406, 77.6147, -101.255, -21.6707, 34.8378
-234.201, -55.3173, 78.3206, -99.9647, -22.509, 34.8361
-234.412, -54.4869, 79.0294, -98.6682, -23.3458, 34.8384
-234.592, -53.6493, 79.7408, -97.3657, -24.1812, 34.8446
-234.743, -52.8048, 80.4549, -96.0573, -25.0152, 34.8547
-234.862, -51.9534, 81.1716, -94.7433, -25.8477, 34.8687
-234.951, -51.0953, 81.8907, -93.4236, -26.6786, 34.8866
-235.01, -50.2305, 82.6121, -92.0984, -27.508, 34.9083
-235.038, -49.3592, 83.3358, -90.7678, -28.3358, 34.9338
-235.036, -48.4815, 84.0617, -89.432, -29.1619, 34.9631
-235.003, -47.5975, 84.7896, -88.091, -29.9864, 34.9961
-234.94, -46.7074, 85.5195, -86.7451, -30.8091, 35.0328
-234.846, -45.8112, 86.2513, -85.3942, -31.6302, 35.0732
-234.722, -44.9091, 86.9848, -84.0385, -32.4494, 35.1173
-234.568, -44.0012, 87.72, -82.6781, -33.2668, 35.165
-234.384, -43.0877, 88.4568, -81.3132, -34.0824, 35.2162
-234.169, -42.1686, 89.1951, -79.9437, -34.8961, 35.271
-233.925, -41.2441, 89.9348, -78.57, -35.7079, 35.3294
-233.65, -40.3143, 90.6757, -77.1919, -36.5178, 35.3912
-233.346, -39.3794, 91.4179, -75.8097, -37.3257, 35.4565
-233.012, -38.4394, 92.1611, -74.4235, -38.1316, 35.5253
-232.648, -37.4946, 92.9054, -73.0333, -38.9355, 35.5975
-232.254, -36.545, 93.6505, -71.6393, -39.7373, 35.6731
-231.832, -35.5907, 94.3965, -70.2415, -40.5371, 35.752
-231.38, -34.632, 95.1431, -68.8401, -41.3347, 35.8343
-230.898, -33.6689, 95.8904, -67.4352, -42.1303, 35.9198
-230.388, -32.7016, 96.6382, -66.0268, -42.9236, 36.0087
-229.849, -31.7301, 97.3864, -64.615, -43.7148, 36.1008
-229.281, -30.7547, 98.1349, -63.1999, -44.5038, 36.1962
-228.685, -29.7755, 98.8837, -61.7817, -45.2905, 36.2947
-228.06, -28.7926, 99.6326, -60.3604, -46.075, 36.3964
-227.407, -27.8061, 100.382, -58.9361, -46.8572, 36.5013
-226.726, -26.8161, 101.13, -57.5089, -47.6371, 36.6094
-226.017, -25.8229, 101.879, -56.0789, -48.4146, 36.7205
-225.28, -24.8265, 102.628, -54.6461, -49.1898, 36.8347
-224.516, -23.8271, 103.376, -53.2107, -49.9626, 36.952
-223.724, -22.8248, 104.124, -51.7727, -50.7329, 37.0724
-222.906, -21.8197, 104.871, -50.3322, -51.5009, 37.1958
-222.06, -20.812, 105.618, -48.8893, -52.2663, 37.3221
-221.188, -19.8018, 106.364, -47.4441, -53.0293, 37.4515
-220.289, -18.7892, 107.109, -45.9966, -53.7898, 37.5838
-219.364, -17.7744, 107.854, -44.547, -54.5477, 37.7191
-218.413, -16.7574, 108.597, -43.0952, -55.303, 37.8573
-217.437, -15.7385, 109.34, -41.6414, -56.0558, 37.9984
-216.434, -14.7178, 110.081, -40.1857, -56.8059, 38.1425
-215.407, -13.6953, 110.821, -38.7281, -57.5534, 38.2894
-214.354, -12.6712, 111.56, -37.2687, -58.2982, 38.4391
-213.277, -11.6457, 112.298, -35.8076, -59.0404, 38.5918
-212.175, -10.6188, 113.034, -34.3449, -59.7797, 38.7472
-211.048, -9.5907, 113.769, -32.8805, -60.5164, 38.9055
-209.898, -8.56151, 114.502, -31.4146, -61.2502, 39.0667
-208.724, -7.53135, 115.233, -29.9473, -61.9812, 39.2306
-207.526, -6.50033, 115.963, -28.4786, -62.7094, 39.3973
-206.305, -5.46859, 116.691, -27.0086, -63.4347, 39.5668
-205.061, -4.43624, 117.417, -25.5374, -64.157, 39.739
-203.794, -3.4034, 118.141, -24.065, -64.8765, 39.9141
-202.505, -2.37019, 118.863, -22.5914, -65.5929, 40.0918
-201.194, -1.33671, 119.584, -21.1169, -66.3064, 40.2724
-199.861, -0.303089, 120.302, -19.6414, -67.0168, 40.4556
-198.506, 0.730565, 121.017, -18.165, -67.7241, 40.6416
-197.13, 1.76414, 121.731, -16.6877, -68.4283, 40.8304
-195.733, 2.79753, 122.442, -15.2097, -69.1294, 41.0218
-194.315, 3.83062, 123.151, -13.731, -69.8273, 41.216
-192.876, 4.86331, 123.857, -12.2516, -70.5219, 41.4129
-191.417, 5.89548, 124.561, -10.7717, -71.2133, 41.6125
-189.939, 6.92705, 125.263, -9.29123, -71.9014, 41.8148
-188.441, 7.9579, 125.961, -7.81037, -72.5861, 42.0199
-186.923, 8.98794, 126.658, -6.32915, -73.2675, 42.2276
-185.387, 10.0171, 127.351, -4.84763, -73.9454, 42.438
-183.832, 11.0452, 128.042, -3.36588, -74.6199, 42.6512
-182.258, 12.0722, 128.729, -1.88397, -75.2908, 42.867
-180.667, 13.098, 129.414, -0.401974, -75.9581, 43.0856
-179.057, 14.1225, 130.096, 1.08004, -76.6219, 43.3068
-177.43, 15.1456, 130.775, 2.56201, -77.282, 43.5308
-175.786, 16.1673, 131.451, 4.04385, -77.9384, 43.7574
-174.124, 17.1873, 132.125, 5.52549, -78.591, 43.9868
-172.446, 18.2058, 132.795, 7.00687, -79.2398, 44.2189
-170.752, 19.2225, 133.461, 8.48791, -79.8848, 44.4537
-169.042, 20.2374, 134.125, 9.96853, -80.5259, 44.6912
-167.315, 21.2504, 134.786, 11.4487, -81.163, 44.9315
-165.574, 22.2615, 135.443, 12.9282, -81.796, 45.1745
-163.817, 23.2705, 136.097, 14.4072, -82.425, 45.4202
-162.045, 24.2774, 136.748, 15.8854, -83.0499, 45.6686
-160.258, 25.2821, 137.395, 17.3628, -83.6706, 45.9198
-158.458, 26.2845, 138.039, 18.8393, -84.2871, 46.1737
-156.643, 27.2846, 138.68, 20.3148, -84.8992, 46.4304
-154.814, 28.2823, 139.318, 21.7893, -85.507, 46.6898
-152.972, 29.2775, 139.951, 23.2627, -86.1103, 46.952
-151.117, 30.2703, 140.582, 24.7349, -86.7092, 47.2169
-149.248, 31.2604, 141.209, 26.2058, -87.3036, 47.4846
-147.367, 32.2478, 141.832, 27.6753, -87.8933, 47.7551
-145.474, 33.2326, 142.452, 29.1433, -88.4783, 48.0283
-143.568, 34.2145, 143.069, 30.6098, -89.0586, 48.3044
-141.651, 35.1937, 143.682, 32.0746, -89.6341, 48.5832
-139.722, 36.1699, 144.291, 33.5376, -90.2048, 48.8648
-137.782, 37.1433, 144.897, 34.9989, -90.7705, 49.1492
-135.83, 38.1136, 145.499, 36.4582, -91.3312, 49.4365
-133.868, 39.0809, 146.097, 37.9155, -91.8868, 49.7265
-131.896, 40.0452, 146.692, 39.3706, -92.4373, 50.0193
-129.912, 41.0062, 147.283, 40.8236, -92.9826, 50.315
-127.919, 41.9642, 147.871, 42.2742, -93.5225, 50.6135
-125.916, 42.9189, 148.454, 43.7224, -94.0572, 50.9148
-123.904, 43.8703, 149.035, 45.1681, -94.5864, 51.2189
-121.882, 44.8184, 149.611, 46.6111, -95.1101, 51.5259
-119.851, 45.7632, 150.184, 48.0514, -95.6283, 51.8357
-117.811, 46.7046, 150.753, 49.4889, -96.1408, 52.1484
-115.763, 47.6426, 151.318, 50.9235, -96.6475, 52.4639
-113.706, 48.5771, 151.88, 52.355, -97.1485, 52.7822
-111.641, 49.5082, 152.438, 53.7833, -97.6437, 53.1034
-109.568, 50.4357, 152.992, 55.2084, -98.1329, 53.4275
-107.487, 51.3596, 153.542, 56.63, -98.616, 53.7544
-105.399, 52.2799, 154.089, 58.0482, -99.0931, 54.0841
-103.303, 53.1966, 154.632, 59.4628, -99.564, 54.4168
-101.201, 54.1097, 155.171, 60.8736, -100.029, 54.7522
-99.0912, 55.019, 155.706, 62.2806, -100.487, 55.0906
-96.9749, 55.9246, 156.238, 63.6837, -100.939, 55.4318
-94.852, 56.8265, 156.765, 65.0826, -101.385, 55.7758
-92.7229, 57.7246, 157.289, 66.4773, -101.823, 56.1227
-90.5876, 58.6188, 157.81, 67.8678, -102.256, 56.4725
-88.4464, 59.5092, 158.326, 69.2537, -102.681, 56.8251
-86.2994, 60.3958, 158.839, 70.6351, -103.1, 57.1806
-84.1469, 61.2784, 159.348, 72.0118, -103.512, 57.5389
-81.9889, 62.1571, 159.853, 73.3837, -103.917, 57.9001
-79.8257, 63.0318, 160.354, 74.7506, -104.315, 58.2641
-77.6574, 63.9026, 160.851, 76.1125, -104.706, 58.6309
-75.4843, 64.7693, 161.345, 77.4691, -105.09, 59.0006
-73.3064, 65.6319, 161.834, 78.8204, -105.466, 59.3731
-71.124, 66.4905, 162.32, 80.1662, -105.836, 59.7484
-68.9372, 67.345, 162.802, 81.5064, -106.197, 60.1265
-66.7461, 68.1953, 163.28, 82.8409, -106.552, 60.5075
-64.5509, 69.0414, 163.755, 84.1695, -106.899, 60.8912
-62.3518, 69.8833, 164.225, 85.4921, -107.238, 61.2778
-60.1489, 70.721, 164.691, 86.8085, -107.569, 61.6671
-57.9423, 71.5543, 165.154, 88.1187, -107.893, 62.0591
-55.7323, 72.3834, 165.613, 89.4225, -108.209, 62.454
-53.5189, 73.2081, 166.067, 90.7197, -108.517, 62.8516
-51.3022, 74.0284, 166.518, 92.0103, -108.816, 63.2519
-49.0825, 74.8443, 166.965, 93.294, -109.108, 63.655
-46.8599, 75.6556, 167.407, 94.5707, -109.392, 64.0607
-44.6345, 76.4625, 167.846, 95.8404, -109.667, 64.4692
-42.4064, 77.2648, 168.281, 97.1028, -109.935, 64.8804
-40.1757, 78.0625, 168.711, 98.3578, -110.193, 65.2942
-37.9427, 78.8555, 169.138, 99.6053, -110.444, 65.7107
-35.7074, 79.6438, 169.56, 100.845, -110.686, 66.1298
-33.47, 80.4274, 169.978, 102.077, -110.919, 66.5515
-31.2306, 81.2062, 170.392, 103.301, -111.144, 66.9759
-28.9893, 81.98, 170.802, 104.517, -111.36, 67.4028
-26.7462, 82.749, 171.207, 105.725, -111.567, 67.8323
-24.5016, 83.513, 171.608, 106.924, -111.765, 68.2643
-22.2554, 84.2719, 172.005, 108.115, -111.955, 68.6989
-20.008, 85.0258, 172.398, 109.297, -112.135, 69.136
-17.7593, 85.7745, 172.786, 110.471, -112.307, 69.5756
-15.5095, 86.5179, 173.17, 111.635, -112.469, 70.0176
-13.2588, 87.2561, 173.549, 112.791, -112.622, 70.4621
-11.0072, 87.9888, 173.924, 113.937, -112.766, 70.909
-8.75503, 88.7162, 174.294, 115.073, -112.901, 71.3582
-6.50227, 89.438, 174.659, 116.201, -113.026, 71.8099
-4.24909, 90.1543, 175.02, 117.318, -113.142, 72.2639
-1.99566, 90.8648, 175.376, 118.426, -113.249, 72.7202
0.257907, 91.5696, 175.727, 119.524, -113.346, 73.1787
2.51146, 92.2686, 176.074, 120.612, -113.434, 73.6396
4.76484, 92.9617, 176.416, 121.69, -113.512, 74.1026
7.01792, 93.6488, 176.752, 122.757, -113.58, 74.5679
9.27055, 94.3298, 177.084, 123.814, -113.639, 75.0354
11.5226, 95.0046, 177.411, 124.86, -113.687, 75.5049
13.7738, 95.6731, 177.732, 125.895, -113.727, 75.9766
16.0242, 96.3353, 178.049, 126.92, -113.756, 76.4504
18.2734, 96.991, 178.36, 127.933, -113.775, 76.9262
20.5215, 97.6402, 178.666, 128.936, -113.785, 77.4041
22.7681, 98.2827, 178.966, 129.927, -113.784, 77.8839
25.0132, 98.9185, 179.261, 130.907, -113.774, 78.3656
27.2565, 99.5474, 179.551, 131.875, -113.753, 78.8493
29.4979, 100.169, 179.835, 132.831, -113.722, 79.3348
31.7373, 100.784, 180.113, 133.776, -113.682, 79.8222
33.9744, 101.392, 180.386, 134.709, -113.631, 80.3113
36.209, 101.992, 180.653, 135.629, -113.57, 80.8023
38.441, 102.585, 180.914, 136.538, -113.498, 81.2949
40.6703, 103.171, 181.169, 137.434, -113.417, 81.7893
42.8965, 103.749, 181.418, 138.318, -113.325, 82.2853
45.1195, 104.319, 181.662, 139.189, -113.223, 82.7829
47.3391, 104.881, 181.899, 140.047, -113.111, 83.282
49.5552, 105.436, 182.129, 140.893, -112.988, 83.7827
51.7674, 105.982, 182.354, 141.726, -112.855, 84.2849
53.9757, 106.52, 182.572, 142.546, -112.712, 84.7885
56.1797, 107.05, 182.784, 143.352, -112.558, 85.2935
58.3794, 107.572, 182.989, 144.146, -112.394, 85.7999
60.5743, 108.085, 183.187, 144.926, -112.219, 86.3076
62.7645, 108.589, 183.379, 145.693, -112.035, 86.8166
64.9495, 109.084, 183.564, 146.446, -111.839, 87.3267
67.1293, 109.571, 183.743, 147.185, -111.633, 87.8381
69.3035, 110.048, 183.914, 147.911, -111.417, 88.3506
71.4719, 110.517, 184.079, 148.623, -111.19, 88.8642
73.6344, 110.976, 184.236, 149.321, -110.953, 89.3788
75.7906, 111.425, 184.386, 150.004, -110.706, 89.8945
77.9403, 111.865, 184.529, 150.674, -110.448, 90.4111
80.0833, 112.296, 184.665, 151.33, -110.179, 90.9286
82.2194, 112.717, 184.794, 151.971, -109.901, 91.4469
84.3482, 113.128, 184.915, 152.597, -109.611, 91.9661
86.4696, 113.528, 185.028, 153.21, -109.312, 92.4861
88.5832, 113.919, 185.134, 153.807, -109.001, 93.0067
90.6889, 114.299, 185.232, 154.39, -108.681, 93.528
92.7863, 114.669, 185.322, 154.959, -108.35, 94.05
94.8752, 115.029, 185.405, 155.512, -108.009, 94.5725
96.9554, 115.378, 185.48, 156.051, -107.657, 95.0955
99.0265, 115.716, 185.547, 156.574, -107.296, 95.619
101.088, 116.043, 185.605, 157.083, -106.924, 96.1429
103.141, 116.36, 185.656, 157.576, -106.541, 96.6672
105.183, 116.665, 185.698, 158.055, -106.149, 97.1918
107.215, 116.959, 185.732, 158.518, -105.746, 97.7166
109.237, 117.241, 185.758, 158.966, -105.333, 98.2417
111.248, 117.512, 185.776, 159.399, -104.91, 98.767
113.248, 117.772, 185.785, 159.816, -104.476, 99.2924
115.237, 118.02, 185.785, 160.218, -104.033, 99.8178
117.215, 118.256, 185.777, 160.604, -103.58, 100.343
119.18, 118.48, 185.761, 160.975, -103.116, 100.869
121.134, 118.692, 185.735, 161.331, -102.643, 101.394
123.075, 118.892, 185.701, 161.67, -102.16, 101.919
125.004, 119.08, 185.658, 161.994, -101.667, 102.444
126.919, 119.255, 185.606, 162.303, -101.164, 102.969
128.821, 119.418, 185.545, 162.596, -100.651, 103.494
130.71, 119.568, 185.475, 162.873, -100.128, 104.018
132.585, 119.706, 185.396, 163.134, -99.5964, 104.542
134.446, 119.831, 185.308, 163.38, -99.0547, 105.065
136.292, 119.943, 185.211, 163.61, -98.5034, 105.588
138.124, 120.042, 185.105, 163.824, -97.9426, 106.11
139.94, 120.128, 184.989, 164.022, -97.3724, 106.632
141.741, 120.201, 184.865, 164.205, -96.7928, 107.153
143.527, 120.261, 184.73, 164.371, -96.2038, 107.673
145.297, 120.307, 184.587, 164.522, -95.6056, 108.193
147.051, 120.34, 184.434, 164.657, -94.9983, 108.712
148.788, 120.36, 184.271, 164.776, -94.3817, 109.23
150.508, 120.366, 184.099, 164.88, -93.7561, 109.747
152.212, 120.358, 183.918, 164.967, -93.1216, 110.263
153.898, 120.337, 183.727, 165.039, -92.4781, 110.778
155.566, 120.302, 183.526, 165.095, -91.8257, 111.293
157.217, 120.253, 183.316, 165.135, -91.1646, 111.806
158.849, 120.19, 183.096, 165.16, -90.4948, 112.318
160.463, 120.113, 182.867, 165.168, -89.8163, 112.828
162.058, 120.023, 182.628, 165.161, -89.1293, 113.338
163.634, 119.918, 182.379, 165.139, -88.4338, 113.846
165.191, 119.799, 182.12, 165.1, -87.73, 114.353
166.728, 119.665, 181.852, 165.046, -87.0178, 114.859
168.246, 119.518, 181.574, 164.977, -86.2974, 115.363
169.743, 119.356, 181.286, 164.891, -85.5689, 115.866
171.22, 119.18, 180.988, 164.791, -84.8323, 116.367
172.677, 118.989, 180.681, 164.674, -84.0877, 116.867
174.112, 118.785, 180.364, 164.543, -83.3353, 117.365
175.526, 118.565, 180.037, 164.396, -82.5751, 117.862
176.919, 118.332, 179.7, 164.233, -81.8071, 118.357
178.29, 118.083, 179.354, 164.056, -81.0315, 118.85
179.64, 117.821, 178.998, 163.863, -80.2485, 119.341
180.967, 117.543, 178.632, 163.655, -79.4579, 119.831
182.272, 117.252, 178.257, 163.431, -78.6601, 120.319
183.554, 116.945, 177.871, 163.193, -77.8549, 120.805
184.813, 116.624, 177.476, 162.94, -77.0427, 121.289
186.049, 116.289, 177.072, 162.672, -76.2234, 121.771
187.262, 115.939, 176.657, 162.389, -75.3971, 122.251
188.452, 115.574, 176.233, 162.091, -74.5639, 122.729
189.617, 115.195, 175.8, 161.778, -73.724, 123.205
190.759, 114.801, 175.357, 161.451, -72.8773, 123.679
191.877, 114.393, 174.904, 161.109, -72.0242, 124.151
192.97, 113.97, 174.442, 160.753, -71.1645, 124.62
194.039, 113.533, 173.97, 160.382, -70.2985, 125.088
195.083, 113.081, 173.489, 159.997, -69.4262, 125.553
196.102, 112.615, 172.999, 159.598, -68.5477, 126.016
197.095, 112.135, 172.499, 159.184, -67.6631, 126.476
198.064, 111.64, 171.99, 158.757, -66.7726, 126.935
199.007, 111.13, 171.471, 158.316, -65.8761, 127.39
199.925, 110.607, 170.944, 157.86, -64.9739, 127.844
200.817, 110.069, 170.407, 157.391, -64.0661, 128.295
201.683, 109.517, 169.861, 156.908, -63.1526, 128.743
202.522, 108.95, 169.307, 156.412, -62.2337, 129.189
203.336, 108.37, 168.743, 155.902, -61.3094, 129.633
204.123, 107.776, 168.17, 155.379, -60.3799, 130.074
204.884, 107.167, 167.589, 154.842, -59.4452, 130.512
205.618, 106.545, 166.998, 154.293, -58.5054, 130.948
206.326, 105.909, 166.399, 153.73, -57.5607, 131.382
207.007, 105.259, 165.792, 153.154, -56.6112, 131.812
207.66, 104.596, 165.176, 152.566, -55.6568, 132.24
208.287, 103.918, 164.551, 151.964, -54.6979, 132.665
208.887, 103.228, 163.918, 151.35, -53.7343, 133.088
209.459, 102.524, 163.277, 150.724, -52.7664, 133.507
210.005, 101.806, 162.627, 150.085, -51.7941, 133.924
210.523, 101.075, 161.969, 149.434, -50.8175, 134.339
211.013, 100.332, 161.303, 148.77, -49.8368, 134.75
211.476, 99.5747, 160.63, 148.095, -48.8521, 135.159
211.912, 98.8048, 159.948, 147.408, -47.8634, 135.564
212.32, 98.0221, 159.258, 146.708, -46.8709, 135.967
212.7, 97.2267, 158.561, 145.998, -45.8746, 136.367
213.053, 96.4186, 157.856, 145.275, -44.8748, 136.765
213.378, 95.598, 157.144, 144.541, -43.8713, 137.159
213.675, 94.765, 156.424, 143.796, -42.8644, 137.55
213.945, 93.9197, 155.697, 143.039, -41.8542, 137.939
214.187, 93.0623, 154.963, 142.272, -40.8408, 138.324
214.401, 92.1929, 154.222, 141.493, -39.8241, 138.707
214.588, 91.3115, 153.474, 140.704, -38.8045, 139.086
214.747, 90.4184, 152.718, 139.904, -37.7819, 139.463
214.879, 89.5136, 151.956, 139.093, -36.7564, 139.836
214.983, 88.5974, 151.188, 138.272, -35.7281, 140.207
215.059, 87.6698, 150.412, 137.44, -34.6972, 140.574
215.107, 86.7309, 149.631, 136.598, -33.6637, 140.939
215.129, 85.781, 148.843, 135.747, -32.6277, 141.301
215.122, 84.8202, 148.048, 134.885, -31.5893, 141.659
215.089, 83.8485, 147.248, 134.013, -30.5487, 142.014
215.028, 82.8662, 146.442, 133.132, -29.5058, 142.367
214.94, 81.8734, 145.629, 132.241, -28.4607, 142.716
214.825, 80.8703, 144.811, 131.34, -27.4137, 143.063
214.682, 79.857, 143.988, 130.431, -26.3647, 143.406
214.513, 78.8336, 143.159, 129.512, -25.3138, 143.746
214.317, 77.8004, 142.324, 128.584, -24.2612, 144.083
214.094, 76.7575, 141.484, 127.647, -23.2069, 144.417
213.844, 75.705, 140.639, 126.701, -22.1509, 144.748
213.568, 74.6431, 139.789, 125.747, -21.0935, 145.076
213.266, 73.572, 138.934, 124.784, -20.0346, 145.401
212.937, 72.4918, 138.074, 123.812, -18.9744, 145.723
212.582, 71.4026, 137.21, 122.833, -17.9129, 146.042
212.201, 70.3048, 136.341, 121.845, -16.8502, 146.357
211.794, 69.1984, 135.467, 120.849, -15.7863, 146.67
211.361, 68.0835, 134.589, 119.845, -14.7215, 146.979
210.903, 66.9604, 133.707, 118.833, -13.6557, 147.286
210.419, 65.8293, 132.821, 117.813, -12.589, 147.589
209.91, 64.6902, 131.931, 116.786, -11.5215, 147.89
209.376, 63.5435, 131.037, 115.752, -10.4532, 148.187
208.818, 62.3891, 130.14, 114.71, -9.3843, 148.481
208.234, 61.2274, 129.239, 113.661, -8.31481, 148.772
207.626, 60.0584, 128.334, 112.605, -7.24479, 149.06
206.993, 58.8824, 127.427, 111.542, -6.17433, 149.346
206.336, 57.6995, 126.516, 110.472, -5.10348, 149.628
205.655, 56.5099, 125.601, 109.395, -4.03233, 149.907
204.951, 55.3138, 124.684, 108.312, -2.96093, 150.183
204.223, 54.1113, 123.764, 107.222, -1.88935, 150.456
203.471, 52.9026, 122.842, 106.126, -0.817666, 150.726
202.697, 51.6879, 121.917, 105.024, 0.254072, 150.993
201.899, 50.4673, 120.989, 103.915, 1.32579, 151.257
201.079, 49.2411, 120.059, 102.8, 2.39744, 151.518
200.236, 48.0093, 119.126, 101.68, 3.46895, 151.776
199.37, 46.7722, 118.192, 100.553, 4.54025, 152.031
198.483, 45.5299, 117.255, 99.4212, 5.6113, 152.283
197.574, 44.2826, 116.317, 98.2835, 6.68203, 152.532
196.643, 43.0305, 115.377, 97.1402, 7.75239, 152.778
195.691, 41.7736, 114.435, 95.9915, 8.82232, 153.022
194.718, 40.5123, 113.492, 94.8374, 9.89176, 153.262
193.724, 39.2466, 112.547, 93.6782, 10.9607, 153.5
192.709, 37.9768, 111.601, 92.5139, 12.029, 153.734
191.674, 36.7029, 110.653, 91.3446, 13.0966, 153.966
190.619, 35.4252, 109.705, 90.1704, 14.1635, 154.194
189.544, 34.1437, 108.755, 88.9914, 15.2297, 154.42
188.449, 32.8587, 107.805, 87.8076, 16.2951, 154.643
187.334, 31.5704, 106.853, 86.6193, 17.3597, 154.863
186.201, 30.2788, 105.901, 85.4264, 18.4233, 155.08
185.048, 28.9841, 104.949, 84.2292, 19.4859, 155.295
183.877, 27.6865, 103.996, 83.0275, 20.5476, 155.506
182.688, 26.3861, 103.042, 81.8217, 21.6082, 155.715
181.48, 25.0831, 102.089, 80.6116, 22.6677, 155.921
180.255, 23.7777, 101.135, 79.3975, 23.7261, 156.124
179.012, 22.4699, 100.181, 78.1795, 24.7833, 156.324
177.751, 21.1599, 99.2265, 76.9575, 25.8392, 156.521
176.474, 19.8479, 98.2725, 75.7317, 26.8939, 156.716
175.179, 18.534, 97.3186, 74.5021, 27.9472, 156.908
173.868, 17.2184, 96.365, 73.269, 28.9992, 157.097
172.541, 15.9011, 95.4118, 72.0322, 30.0498, 157.283
171.197, 14.5823, 94.4589, 70.7919, 31.0989, 157.467
169.838, 13.2622, 93.5066, 69.5483, 32.1465, 157.647
168.463, 11.9409, 92.5549, 68.3013, 33.1925, 157.825
167.073, 10.6185, 91.6039, 67.051, 34.237, 158
165.667, 9.29511, 90.6536, 65.7975, 35.2798, 158.173
164.247, 7.97092, 89.7041, 64.5409, 36.321, 158.342
162.813, 6.64601, 88.7556, 63.2813, 37.3604, 158.509
161.364, 5.32053, 87.808, 62.0187, 38.3981, 158.673
159.901, 3.99458, 86.8615, 60.7532, 39.434, 158.835
158.424, 2.66828, 85.9162, 59.4848, 40.4681, 158.993
156.934, 1.34176, 84.972, 58.2137, 41.5002, 159.149
155.43, 0.0151253, 84.0291, 56.9399, 42.5305, 159.302
153.913, -1.31151, 83.0876, 55.6634, 43.5587, 159.453
152.384, -2.63804, 82.1475, 54.3844, 44.585, 159.6
150.842, -3.96435, 81.2088, 53.1028, 45.6092, 159.745
149.288, -5.29034, 80.2717, 51.8188, 46.6313, 159.887
147.721, -6.6159, 79.3361, 50.5325, 47.6512, 160.027
146.143, -7.94093, 78.4023, 49.2438, 48.669, 160.163
144.553, -9.26532, 77.4701, 47.9528, 49.6845, 160.297
142.952, -10.589, 76.5397, 46.6597, 50.6978, 160.428
141.339, -11.9118, 75.6112, 45.3644, 51.7087, 160.556
139.716, -13.2338, 74.6845, 44.067, 52.7172, 160.682
138.082, -14.5547, 73.7598, 42.7676, 53.7234, 160.805
136.437, -15.8745, 72.8371, 41.4662, 54.727, 160.925
134.782, -17.1931, 71.9164, 40.163, 55.7282, 161.042
133.118, -18.5104, 70.9978, 38.8578, 56.7268, 161.156
131.443, -19.8264, 70.0813, 37.5509, 57.7228, 161.268
129.759, -21.1409, 69.167, 36.2423, 58.7161, 161.376
128.065, -22.4539, 68.255, 34.932, 59.7067, 161.482
126.362, -23.7652, 67.3452, 33.6201, 60.6945, 161.585
124.65, -25.0749, 66.4378, 32.3066, 61.6795, 161.685
122.93, -26.3828, 65.5327, 30.9916, 62.6617, 161.783
121.2, -27.6889, 64.6301, 29.6751, 63.6409, 161.877
119.463, -28.993, 63.7299, 28.3573, 64.6171, 161.969
117.717, -30.2952, 62.8321, 27.0381, 65.5903, 162.057
115.963, -31.5953, 61.937, 25.7177, 66.5604, 162.143
114.201, -32.8932, 61.0444, 24.396, 67.5274, 162.226
112.432, -34.1889, 60.1544, 23.0732, 68.4911, 162.305
110.655, -35.4824, 59.267, 21.7493, 69.4516, 162.382
108.871, -36.7735, 58.3824, 20.4243, 70.4087, 162.456
107.079, -38.0623, 57.5005, 19.0984, 71.3624, 162.527
105.281, -39.3485, 56.6213, 17.7715, 72.3127, 162.594
103.476, -40.6322, 55.7449, 16.4437, 73.2594, 162.659
101.664, -41.9133, 54.8714, 15.1152, 74.2026, 162.721
99.8461, -43.1917, 54.0008, 13.7859, 75.1421, 162.779
98.0216, -44.4674, 53.133, 12.4559, 76.0779, 162.835
96.191, -45.7403, 52.2682, 11.1253, 77.0098, 162.887
94.3543, -47.0103, 51.4064, 9.79414, 77.938, 162.936
92.5117, -48.2775, 50.5476, 8.46248, 78.8621, 162.982
90.6635, -49.5416, 49.6919, 7.1304, 79.7823, 163.025
88.8096, -50.8027, 48.8393, 5.79795, 80.6984, 163.064
86.9503, -52.0606, 47.9898, 4.4652, 81.6104, 163.101
85.0857, -53.3154, 47.1434, 3.13222, 82.5181, 163.134
83.216, -54.567, 46.3003, 1.79908, 83.4215, 163.163
81.3412, -55.8152, 45.4605, 0.465846, 84.3205, 163.19
79.4615, -57.0601, 44.6239, -0.867415, 85.2151, 163.213
77.577, -58.3016, 43.7907, -2.20063, 86.1051, 163.233
75.6878, -59.5395, 42.9608, -3.53373, 86.9906, 163.249
73.7942, -60.7739, 42.1344, -4.86663, 87.8713, 163.262
71.8961, -62.0046, 41.3114, -6.19927, 88.7472, 163.271
69.9937, -63.2317, 40.4919, -7.53157, 89.6183, 163.277
68.0871, -64.4549, 39.676, -8.86346, 90.4844, 163.28
66.1765, -65.6743, 38.8636, -10.1949, 91.3455, 163.279
64.2619, -66.8898, 38.055, -11.5257, 92.2014, 163.274
62.3435, -68.1013, 37.25, -12.8558, 93.0522, 163.266
60.4213, -69.3088, 36.4488, -14.1853, 93.8977, 163.254
58.4955, -70.5121, 35.6513, -15.5139, 94.7377, 163.239
56.5663, -71.7111, 34.8578, -16.8416, 95.5723, 163.22
54.6336, -72.9059, 34.0681, -18.1684, 96.4014, 163.197
52.6977, -74.0963, 33.2824, -19.4941, 97.2248, 163.171
50.7585, -75.2821, 32.5008, -20.8186, 98.0424, 163.14
48.8163, -76.4635, 31.7232, -22.1419, 98.8542, 163.107
46.8711, -77.6402, 30.9498, -23.4638, 99.6601, 163.069
44.9231, -78.8121, 30.1806, -24.7844, 100.46, 163.027
42.9723, -79.9792, 29.4157, -26.1034, 101.254, 162.982
41.0189, -81.1414, 28.6551, -27.4208, 102.041, 162.933
39.0629, -82.2986, 27.8989, -28.7366, 102.822, 162.88
37.1045, -83.4506, 27.1472, -30.0505, 103.597, 162.823
35.1437, -84.5974, 26.4001, -31.3626, 104.365, 162.762
33.1808, -85.7389, 25.6576, -32.6726, 105.127, 162.697
31.2157, -86.875, 24.9199, -33.9806, 105.882, 162.628
29.2487, -88.0055, 24.1869, -35.2864, 106.63, 162.555
27.2798, -89.1304, 23.4588, -36.5899, 107.371, 162.478
25.3091, -90.2495, 22.7356, -37.8911, 108.106, 162.396
23.3368, -91.3627, 22.0175, -39.1897, 108.833, 162.311
21.3629, -92.47, 21.3044, -40.4858, 109.553, 162.222
19.3877, -93.5711, 20.5966, -41.7791, 110.265, 162.128
17.4111, -94.666, 19.8941, -43.0697, 110.971, 162.031
15.4334, -95.7546, 19.1969, -44.3573, 111.668, 161.929
13.4546, -96.8366, 18.5052, -45.6419, 112.359, 161.823
11.4749, -97.9121, 17.8191, -46.9234, 113.041, 161.713
9.49442, -98.9808, 17.1386, -48.2017, 113.716, 161.598
7.51328, -100.043, 16.4639, -49.4766, 114.382, 161.479
5.53161, -101.097, 15.7951, -50.748, 115.041, 161.356
3.54956, -102.145, 15.1321, -52.0159, 115.692, 161.229
1.56724, -103.186, 14.4753, -53.28, 116.334, 161.097
-0.415179, -104.219, 13.8246, -54.5404, 116.968, 160.961
-2.39757, -105.244, 13.1801, -55.7968, 117.594, 160.82
-4.37979, -106.262, 12.542, -57.0492, 118.211, 160.675
-6.36169, -107.272, 11.9104, -58.2974, 118.82, 160.526
-8.34311, -108.273, 11.2853, -59.5414, 119.419, 160.372
-10.3239, -109.267, 10.6669, -60.781, 120.01, 160.214
-12.3039, -110.253, 10.0553, -62.016, 120.593, 160.051
-14.283, -111.229, 9.45064, -63.2464, 121.166, 159.884
-16.2609, -112.198, 8.85295, -64.4721, 121.73, 159.712
-18.2376, -113.157, 8.26238, -65.6928, 122.284, 159.536
-20.2129, -114.108, 7.67904, -66.9086, 122.83, 159.355
-22.1865, -115.05, 7.10306, -68.1192, 123.366, 159.169
-24.1584, -115.982, 6.53453, -69.3246, 123.892, 158.98
-26.1283, -116.905, 5.97358, -70.5247, 124.409, 158.785
-28.096, -117.818, 5.42033, -71.7192, 124.916, 158.586
-30.0615, -118.722, 4.87489, -72.9081, 125.414, 158.382
-32.0244, -119.616, 4.33737, -74.0912, 125.901, 158.174
-33.9846, -120.499, 3.8079, -75.2685, 126.379, 157.961
-35.942, -121.373, 3.28659, -76.4398, 126.846, 157.744
-37.8963, -122.236, 2.77356, -77.6049, 127.304, 157.522
-39.8473, -123.088, 2.26894, -78.7638, 127.751, 157.295
-41.7948, -123.93, 1.77283, -79.9163, 128.187, 157.063
-43.7387, -124.761, 1.28536, -81.0623, 128.614, 156.827
-45.6787, -125.581, 0.806641, -82.2016, 129.029, 156.587
-47.6146, -126.389, 0.336803, -83.3342, 129.434, 156.341
-49.5462, -127.186, -0.12404, -84.4599, 129.829, 156.091
-51.4732, -127.972, -0.575768, -85.5785, 130.212, 155.836
-53.3956, -128.746, -1.01826, -86.6901, 130.585, 155.577
-55.313, -129.508, -1.45141, -87.7943, 130.947, 155.313
-57.2253, -130.258, -1.87508, -88.8912, 131.298, 155.044
-59.1321, -130.995, -2.28916, -89.9805, 131.637, 154.771
-61.0334, -131.72, -2.69354, -91.0621, 131.966, 154.493
-62.9288, -132.433, -3.0881, -92.136, 132.283, 154.21
-64.8182, -133.133, -3.47271, -93.202, 132.588, 153.923
-66.7012, -133.819, -3.84727, -94.2599, 132.883, 153.631
-68.5777, -134.493, -4.21166, -95.3097, 133.166, 153.334
-70.4475, -135.154, -4.56576, -96.3512, 133.437, 153.033
-72.3102, -135.801, -4.90946, -97.3843, 133.696, 152.727
-74.1657, -136.434, -5.24265, -98.4088, 133.944, 152.417
-76.0137, -137.054, -5.56522, -99.4247, 134.18, 152.102
-77.854, -137.659, -5.87706, -100.432, 134.405, 151.782
-79.6863, -138.251, -6.17805, -101.43, 134.617, 151.458
-81.5104, -138.828, -6.46808, -102.419, 134.817, 151.129
-83.326, -139.391, -6.74706, -103.399, 135.006, 150.795
-85.1329, -139.939, -7.01487, -104.37, 135.182, 150.457
-86.9309, -140.473, -7.27142, -105.331, 135.346, 150.115
-88.7196, -140.992, -7.51659, -106.283, 135.498, 149.768
-90.4989, -141.495, -7.75028, -107.226, 135.637, 149.416
-92.2684, -141.984, -7.97241, -108.158, 135.765, 149.06
-94.028, -142.457, -8.18286, -109.081, 135.88, 148.7
-95.7773, -142.915, -8.38154, -109.993, 135.982, 148.335
-97.5161, -143.356, -8.56836, -110.896, 136.072, 147.965
-99.2442, -143.783, -8.74322, -111.789, 136.15, 147.592
-100.961, -144.193, -8.90603, -112.671, 136.215, 147.213
-102.667, -144.587, -9.05671, -113.543, 136.267, 146.831
-104.362, -144.965, -9.19517, -114.404, 136.307, 146.444
-106.044, -145.327, -9.32131, -115.254, 136.334, 146.053
-107.715, -145.672, -9.43507, -116.094, 136.349, 145.657
-109.373, -146, -9.53635, -116.923, 136.35, 145.258
-111.019, -146.312, -9.62508, -117.741, 136.339, 144.854